Power_Station,Records,Programme_avg,Actual_avg,Programme_sum,Actual_sum,Generation_Difference_avg,Excess_Shortfall_avg,Total_Maintenance_avg,Forced_Maintenance_avg,Available_Capacity_sum,Programme_Achievement_pct,Capacity_Utilization_pct,Deviation_pct,Maintenance_Impact_Index_pct
ABAN POWR,783.0,1.4043933588761177,1.528007662835249,1099.64,1196.43,0.1236143039591315,0.12362707535121328,4.13103448275862,1.6830140485312899,90568.90999999997,108.80197155432687,1.3210162295207046,8.801971554326867,3.4482718183999728
ACB,1253.0,5.546456504389466,4.736544293695132,6949.710000000001,5934.889999999999,-0.8099122106943336,-0.8098643256185156,110.45490822027135,102.18276137270551,268825.0,85.3976640751916,2.2077150562633685,-14.602335924808393,33.98612560623734
ACPL,1.0,0.0,0.0,0.0,0.0,0.0,0.0,0.0,0.0,0.0,,,,
ADHPL,1292.0,2.183699690402477,2.123157894736842,2821.34,2743.12,-0.060541795665634654,-0.060557275541795685,28.08668730650155,13.671826625386997,211776.0,97.2275585360148,1.2952931399214263,-2.7724414639852073,14.628482972136222
ADHUNIK,1156.0,9.173659169550174,8.889532871972317,10604.75,10276.3,-0.2841262975778546,-0.2841003460207613,101.36678200692042,86.88581314878893,507060.0,96.90280298922652,2.026643789689583,-3.0971970107734808,18.771626297577853
AEML,979.0,10.585750766087845,8.990398365679265,10363.45,8801.6,-1.5953524004085802,-1.5953524004085802,53.88151174668029,43.41164453524004,436750.0,84.92924653469646,2.0152489982827704,-15.070753465303547,10.776302349336058
AHPC (GVK),1337.0,3.5360508601346297,3.956013462976814,4727.7,5289.1900000000005,0.419962602842184,0.4199700822737472,0.0,0.0,441210.0,111.8765996150348,1.1987919584778226,11.87659961503481,0.0
AMNEPL,2.0,0.0,0.0,0.0,0.0,0.0,0.0,246.0,123.0,0.0,,,,100.0
APCPL,1686.0,16.014009489916965,18.757206405693946,26999.620000000003,31624.649999999994,2.7431969157769864,2.7431909845788853,393.2384341637011,274.6144721233689,1866000.0,117.12998182937386,1.6947829581993565,17.12998182937386,26.215895610913403
APGPCL,1185.0,1.8765569620253162,2.932565400843882,2223.72,3475.09,1.0560084388185655,1.0560590717299576,54.34177215189873,2.30126582278481,257925.0,156.27372151170113,1.347325772996026,56.27372151170113,19.978592702903946
APL,3490.0,82.97685100286533,71.02027793696276,289589.21,247860.77000000002,-11.95657306590258,-11.956567335243552,1325.5787965616046,892.4183381088825,12236730.0,85.59047141293696,2.025547429746346,-14.409528587063033,27.434442270058707
BALCO,1627.0,8.28919483712354,8.612292562999386,13486.52,14012.2,0.3230977258758453,0.3231038721573448,139.76644130301167,128.1499692685925,748800.0,103.89781796935014,1.8712873931623932,3.8978179693501382,23.29440688383528
BBMB,1160.0,26.75741379310345,29.690370689655175,31038.600000000002,34440.83,2.932956896551724,2.9329568965517243,633.1912931034482,3.6885344827586204,2658410.0999999996,110.96128691371389,1.2955423995718345,10.96128691371389,21.64812703659865
BELLARY,1.0,0.0,0.0,0.0,0.0,0.0,0.0,0.0,0.0,25.2,,0.0,,0.0
BEPL,925.0,3.6141621621621622,4.898335135135135,3343.1,4530.96,1.2841729729729732,1.2841837837837837,163.7027027027027,137.1891891891892,264825.0,135.53169214202387,1.7109260832625317,35.53169214202387,36.37837837837838
BIPL,1.0,0.0,0.0,0.0,0.0,0.0,0.0,0.0,0.0,0.0,,,,
BLAPPL,502.0,0.96398406374502,0.7432270916334662,483.92,373.1,-0.22075697211155376,-0.22069721115537846,42.669322709163346,37.559760956175296,20430.0,77.09952058191438,1.8262359275575135,-22.90047941808563,51.182795698924735
BRBCL,1358.0,11.54077319587629,12.736421207658323,15672.37,17296.06,1.1956480117820325,1.19560382916053,143.22533136966126,109.1678939617084,837250.0,110.36020716713554,2.065817856076441,10.36020716713554,18.85146595590017
BSES  AP,2.0,0.0,0.0,0.0,0.0,0.0,0.0,110.0,0.0,220.0,,0.0,,50.0
BSES(C),2.0,0.0,0.0,0.0,0.0,0.0,0.0,87.0,0.0,174.0,,0.0,,50.0
BSES(P),18.0,0.0,2.423333333333334,0.0,43.620000000000005,2.423333333333334,2.4244444444444446,0.0,0.0,3960.0,,1.1015151515151516,,0.0
CEPL,1229.0,11.475907241659886,10.379983726606998,14103.89,12757.0,-1.0959235150528885,-1.0959235150528885,598.0471928397071,594.6297803091944,739800.0,90.45022330718689,1.7243849689105164,-9.549776692813113,49.83726606997559
CESC,1776.0,16.47775337837838,16.297708333333333,29264.49,28944.73,-0.18004504504504504,-0.18002815315315315,380.9628378378378,315.9248310810811,1321410.0,98.90734470342726,2.1904427846012973,-1.0926552965727474,33.86336336336336
CGPL,1630.0,64.70092638036809,60.265355828220855,105462.50999999998,98232.53,-4.435570552147239,-4.435570552147239,1158.282208588957,721.963190184049,4632000.0,93.14450225013611,2.12073683074266,-6.8554977498638925,28.957055214723926
CLPINDIA,302.0,0.8137417218543045,1.9500662251655632,245.74999999999997,588.9200000000001,1.1363245033112583,1.1364238410596028,26.73841059602649,9.387417218543046,189735.0,239.64191251271623,0.3103908082325349,139.64191251271623,4.082200090996411
CPL,1.0,0.0,0.0,0.0,0.0,0.0,0.0,0.0,0.0,0.0,,,,
DAE,1.0,0.0,0.0,0.0,0.0,0.0,0.0,100.0,100.0,0.0,,,,100.0
DBPCL,1610.0,19.205248447204973,19.83108695652174,30920.450000000004,31928.050000000003,0.6258385093167701,0.6258571428571428,170.6832298136646,96.8944099378882,1657200.0,103.25868478628222,1.9266262370263096,3.258684786282213,14.22360248447205
DEPL,1197.0,1.4634920634920636,1.5191645781119465,1751.8000000000002,1818.44,0.055672514619883054,0.05568922305764411,7.2180451127819545,2.0852130325814535,134015.0,103.804087224569,1.3568928851247994,3.804087224569007,6.0565700466159615
DIL,625.0,5.93296,11.424064,3708.1,7140.04,5.491104,5.491104,28.32,18.72,357300.0,192.55252015857178,1.9983319339490622,92.55252015857178,4.72
DIPL,917.0,5.704111232279171,9.172006543075245,5230.67,8410.73,3.467895310796074,3.467895310796074,113.8495092693566,107.30643402399127,445800.0,160.79641804969532,1.8866599371915656,60.79641804969535,18.974918211559434
DLHP,225.0,0.15675555555555554,0.3074666666666667,35.269999999999996,69.18,0.1507111111111111,0.15075555555555556,0.0,0.0,7650.0,196.14403175503264,0.9043137254901962,96.14403175503264,0.0
DPSCLTD,1.0,0.0,0.0,0.0,0.0,0.0,0.0,0.0,0.0,0.0,,,,
DVC,1861.0,103.43322407307897,108.02932294465342,192489.22999999998,201042.57,4.596098871574423,4.596104245029554,1665.79795808705,1255.9262761955936,10121265.199999997,104.44354211401854,1.986338328532287,4.443542114018548,23.44736475233569
E.P.P.L.,938.0,1.1808742004264394,1.1903837953091683,1107.66,1116.58,0.009509594882729205,0.009541577825159919,7.515991471215352,0.42643923240938164,86750.0,100.80530126573134,1.2871239193083572,0.8053012657313476,7.515991471215353
EPGL,616.0,6.377873376623376,13.551217532467534,3928.77,8347.550000000001,7.173344155844157,7.173344155844157,282.46753246753246,247.4025974025974,565200.0,212.4723513975112,1.4769196744515218,112.47235139751119,23.53896103896104
ESSAR,5.0,0.0,0.10400000000000001,0.0,0.52,0.10400000000000001,0.10400000000000001,412.0,162.0,515.0,,0.10097087378640777,,80.0
ESSARPMPL,857.0,12.078506417736287,9.969323220536754,10351.279999999999,8543.71,-2.1091831971995334,-2.109229871645274,417.26954492415405,415.8693115519253,570000.0,82.53771514247514,1.49889649122807,-17.462284857524864,38.55109961190168
GAUTAMI,2.0,0.0,0.0,0.0,0.0,0.0,0.0,232.0,0.0,464.0,,0.0,,50.0
GBHPPL,920.0,0.7890108695652173,0.8489021739130435,725.8899999999999,780.99,0.059891304347826094,0.05988043478260869,12.668478260869565,9.282608695652174,52745.0,107.59068178374136,1.4806901128069012,7.590681783741358,18.097826086956523
GCEL,1316.0,11.58830547112462,17.805934650455928,15250.21,23432.61,6.217629179331307,6.217651975683891,390.9080547112462,318.5562310030395,1288485.0,153.65434312052096,1.8186172132388039,53.65434312052098,28.533434650455924
GEPL,2.0,0.0,0.0,0.0,0.0,0.0,0.0,120.0,60.0,0.0,,,,100.0
GIPCL,1719.0,9.424066317626526,9.025456660849331,16199.97,15514.759999999998,-0.398609656777196,-0.39860965677719606,253.0890052356021,94.33682373472949,699480.0,95.77030080919903,2.2180419740378565,-4.229699190800976,38.34681897509123
GIPL,918.0,1.4613071895424836,1.6214596949891067,1341.48,1488.5,0.16015250544662313,0.16015250544662307,9.782135076252723,0.23965141612200436,129145.0,110.95953722753973,1.1525804328468001,10.959537227539732,6.501357466063348
GISL,430.0,1.1696046511627907,1.1653488372093024,502.92999999999995,501.1,-0.004255813953488344,-0.004139534883720933,19.441860465116278,0.6395348837209303,38247.0,99.63613226492754,1.3101681177608702,-0.36386773507246084,17.937219730941703
GMR BHHPL,123.0,0.7128455284552844,1.3304878048780489,87.67999999999998,163.65,0.6176422764227641,0.6176422764227641,71.70731707317073,9.268292682926829,11340.0,186.64461678832123,1.4431216931216932,86.64461678832122,43.75
GMR ENERG,3317.0,15.080871269219173,14.632041000904433,50023.25,48534.48,-0.4488302683147422,-0.4488302683147423,119.8688574012662,87.32288212239976,2359605.0,97.02384391258066,2.0568900303228723,-2.976156087419344,14.420555561600313
GPGSL (GVK),1177.0,6.320033984706882,6.702242990654206,7438.68,7888.54,0.38220900594732365,0.3822090059473237,180.53525913338999,177.7824978759558,423090.0,106.0475783337904,1.864506369803115,6.0475783337903986,33.43245539507222
GREL,6.0,1.1500000000000001,0.0,6.9,0.0,-1.1500000000000001,-1.1500000000000001,128.0,0.0,3840.0,0.0,0.0,-100.0,16.666666666666664
GVKP&IL,5.0,0.17200000000000001,0.0,0.8600000000000001,0.0,-0.17200000000000001,-0.17200000000000001,176.0,0.0,220.0,0.0,0.0,-100.0,80.0
HBPCL,1650.0,13.908169696969697,14.406909090909092,22948.48,23771.4,0.498739393939394,0.4987454545454546,15.631060606060606,1.6537878787878788,2140898.75,103.58594556153611,1.1103467644137772,3.58594556153611,1.1903525654339107
HEL,1591.0,11.719974858579512,11.939855436832183,18646.480000000003,18996.31,0.21988057825267115,0.21989943431803893,26.02137020741672,3.9597737272155875,913200.0,101.87611817351048,2.0801916338151556,1.8761181735104857,4.336895034569453
HMEL,517.0,2.5935783365570604,4.247059961315281,1340.88,2195.73,1.6534816247582205,1.6534816247582205,87.04061895551257,87.04061895551257,109950.0,163.75290853767675,1.997025920873124,63.75290853767673,29.04162633107454
HNPC,842.0,8.920261282660332,11.39857482185273,7510.860000000001,9597.599999999999,2.478313539192399,2.478313539192399,411.3064133016627,390.92636579572445,529360.0,127.78297025906484,1.8130572767115005,27.782970259064843,39.548693586698334
HSPCL,299.0,1.0544816053511707,1.0549498327759195,315.2900000000001,315.42999999999995,0.0004682274247491628,0.0004682274247491658,23.745819397993312,23.745819397993312,22400.0,100.04440356497189,1.4081696428571426,0.04440356497189021,24.06779661016949
IAEPL,623.0,0.46390048154093094,0.5167576243980739,289.01,321.94000000000005,0.052857142857142846,0.05285714285714286,0.7126805778491172,0.0,21912.0,111.39406940936303,1.4692405987586712,11.39406940936302,1.9860440150295224
IBPIL,4.0,0.0,0.0,0.0,0.0,0.0,0.0,325.0,162.5,0.0,,,,100.0
ICCL,651.0,0.5767895545314901,0.6747004608294931,375.49,439.23,0.09791090629800306,0.09786482334869431,0.0,0.0,0.0,116.97515246744254,,16.975152467442545,
IEL,1.0,0.0,0.0,0.0,0.0,0.0,0.0,150.0,150.0,0.0,,,,100.0
IEPL,104.0,0.5820192307692308,3.3707692307692314,60.53,350.56000000000006,2.78875,2.7888461538461535,67.5,57.11538461538461,21060.0,579.1508342970428,1.6645773979107314,479.15083429704293,25.0
ITPCL,1563.0,15.682456813819577,14.712143314139475,24511.68,22995.079999999998,-0.9703134996801023,-0.9703134996801025,441.07485604606524,319.38579654510556,1186200.0,93.812745597201,1.9385499915697182,-6.187254402799001,36.75623800383877
JHAPL,1505.0,8.166637873754153,9.740897009966776,12290.79,14660.05,1.5742591362126248,1.5742591362126248,26.312292358803987,23.920265780730897,863400.0,119.2767104474163,1.6979441741950425,19.276710447416303,4.385382059800665
JITPL,1123.0,13.794211932324131,17.76719501335708,15490.9,19952.56,3.972983081032948,3.9729474621549428,331.78984861976846,286.37577916295635,975000.0,128.80181267712013,2.0464164102564104,28.801812677120125,27.649154051647372
JPL,1731.0,29.70160600808781,35.27320623916811,51413.48,61057.920000000006,5.5716002310803,5.5716002310803,1650.1444251877526,1434.315424610052,3029000.0,118.75858237956271,2.015778144602179,18.758582379562718,48.53365956434567
JPPVL,3047.0,17.77298982605842,18.78246143747949,54154.3,57230.16,1.00947161142107,1.0094748933377091,151.1749261568756,111.985559566787,3334050.0,105.67980751297681,1.7165357448148648,5.67980751297681,12.13883647633002
JSWBL,422.0,19.714431279620847,19.58568720379147,8319.489999999998,8265.16,-0.12874407582938477,-0.12874407582938388,215.61611374407582,202.5,364770.0,99.34695516191499,2.2658551964251443,-0.6530448380850042,19.964454976303315
JSWEL,2532.0,14.596666666666668,14.886259873617695,36958.76,37692.01,0.28959320695102697,0.28959320695102697,234.90126382306477,203.6690363349131,1980350.0,101.98396807685106,1.9033004266922515,1.9839680768510632,23.096787722513902
JhPL(HR),1717.0,17.775620267909144,20.43327897495632,30520.739999999998,35083.94,2.657658707047175,2.657670355270821,253.31391962725684,198.73034362259756,1831500.0,114.95114469701588,1.9155850395850396,14.95114469701588,19.19044845661037
K.B.U.N.L,1632.0,7.378259803921568,7.715698529411765,12041.32,12592.02,0.33743872549019616,0.33743872549019616,174.71813725490196,156.19791666666666,650100.0,104.57341886105512,1.9369358560221503,4.5734188610551065,30.48843077712673
KONA,2.0,0.0,0.0,0.0,0.0,0.0,0.0,222.5,0.0,445.0,,0.0,,50.0
KONDAPALI,1014.0,3.1840335305719925,3.304506903353057,3228.61,3350.77,0.12047337278106511,0.1205029585798817,748.5314891518739,10.19844181459566,725344.19,103.78367161100289,0.46195586125808774,3.7836716110028727,51.134052746084116
KWPCL,55.0,0.5,8.856,27.5,487.08000000000004,8.356,8.356,98.18181818181819,98.18181818181819,27600.0,1771.2,1.7647826086956524,1671.2,16.363636363636363
L&T,276.0,1.0178623188405795,1.2850362318840582,280.92999999999995,354.6700000000001,0.2671739130434783,0.2671739130434783,5.141304347826087,2.630434782608696,25113.0,126.24853166269183,1.412296420180783,26.24853166269182,5.348258706467662
LANCO,1463.0,11.497949419002051,10.831572112098428,16821.5,15846.59,-0.6663773069036228,-0.6663636363636364,36.7053998632946,21.326042378673957,824100.0,94.20438129774395,1.922896493144036,-5.79561870225604,6.117566643882434
LAPPL,1719.0,22.943310063990694,22.374281559045958,39439.55,38461.39,-0.5690285049447356,-0.5690285049447353,107.15532286212914,52.35602094240838,1878600.0,97.5198499982885,2.0473432343234323,-2.480150001711489,8.929610238510762
LBPL,1.0,0.0,0.0,0.0,0.0,0.0,0.0,0.0,0.0,0.0,,,,
LPGCL,1559.0,27.295465041693397,25.856074406670945,42553.630000000005,40309.62,-1.4393906350224508,-1.43939063502245,530.8787684413086,458.0628608082104,2259180.0,94.72663084206917,1.7842588903938597,-5.273369157930832,26.8120590121873
LVS POWER,1.0,0.0,0.0,0.0,0.0,0.0,0.0,0.0,0.0,36.8,,0.0,,0.0
LVTPL,1.0,0.0,0.0,0.0,0.0,0.0,0.0,0.0,0.0,0.0,,,,
MADURAI P,2.0,0.0,0.35,0.0,0.7,0.35,0.35,0.0,0.0,212.0,,0.330188679245283,,0.0
MBPC,315.0,1.1726031746031746,1.3010476190476192,369.37,409.83000000000004,0.12844444444444444,0.1284444444444444,17.57777777777778,2.1523809523809523,29267.0,110.95378617646263,1.4003143472170023,10.953786176462636,15.909090909090908
MBPMPL,1519.0,18.27752468729427,19.080276497695856,27763.559999999998,28982.940000000002,0.8027518104015797,0.8027518104015801,150.8887425938117,128.3739302172482,1593600.0,104.3920160094743,1.8187085843373494,4.392016009474307,12.574061882817645
MCCPL,996.0,5.771465863453814,6.063975903614458,5748.379999999999,6039.72,0.2925100401606426,0.2925200803212852,16.566265060240966,14.759036144578314,282300.0,105.06821052192097,2.1394686503719447,5.068210521920977,5.522088353413655
MEL,227.0,1.1135682819383261,2.772643171806167,252.78000000000003,629.3899999999999,1.6590748898678416,1.6590748898678416,134.80176211453744,134.80176211453744,37500.0,248.98726165044692,1.6783733333333328,148.98726165044695,44.93392070484582
MPCL,833.0,1.1414645858343337,1.095750300120048,950.8399999999999,912.76,-0.045714285714285714,-0.045726290516206476,0.7743097238895558,0.0,70993.0,95.99512010432882,1.2857042243601482,-4.004879895671189,0.900360144057623
MPL,931.0,19.73096670247046,19.72205155746509,18369.53,18361.23,-0.008915145005370276,-0.008936627282491998,105.45112781954887,51.31578947368421,879375.0,99.95481648142331,2.087986353944563,-0.04518351857668255,10.04296455424275
MUNPL,983.0,15.088779247202442,16.51508646998983,14832.27,16234.33,1.4263072227873859,1.4263072227873856,218.88097660223804,207.46693794506612,854700.0,109.452767512997,1.8994185094185094,9.452767512996996,20.11104256631709
NALCO,382.0,0.4202879581151832,0.5898167539267016,160.54999999999998,225.31,0.1695287958115183,0.1694240837696335,0.0,0.0,0.0,140.33634381812521,,40.33634381812521,
NDPL,2.0,0.0,0.0,0.0,0.0,0.0,0.0,54.0,0.0,108.0,,0.0,,50.0
NEEPCO.,1853.0,20.887161359956824,19.404927145169996,38703.909999999996,35957.33,-1.4822342147868321,-1.4822450080949812,341.3808418780356,211.60760928224502,2492462.3,92.90361103051346,1.4426428837058038,-7.096388969486532,20.24225282164298
NHDC,1820.0,8.273945054945054,9.263802197802198,15058.579999999998,16860.12,0.9898571428571427,0.9898681318681317,68.03021978021978,2.618131868131868,2642585.0,111.96354503545487,0.6380161849098515,11.963545035454876,4.475672353961828
NHPC,4418.0,27.195808057944767,26.565753734721593,120151.07999999999,117367.5,-0.6300543232231777,-0.6300452693526483,432.265504753282,31.400000000000002,7984763.800000001,97.68326676714018,1.4698931983435752,-2.3167332328598187,19.30109181323208
NLC,3039.0,33.257900625205664,32.7465317538664,101070.76000000001,99516.70999999999,-0.5113688713392562,-0.5113622902270483,461.53175386640345,336.245475485357,4725395.0,98.4624138573807,2.1059976996632024,-1.5375861426193067,22.88833695877441
NPCIL,4792.0,39.15383555926544,39.464649415692826,187625.18,189114.6,0.3108138564273792,0.3108013355592655,539.7161936560935,229.97913188647746,8322040.0,100.79382735302373,2.2724548307866823,0.7938273530237322,23.709521871298712
NPGCL,944.0,18.336165254237287,22.2898093220339,17309.34,21041.58,3.95364406779661,3.95364406779661,230.02118644067798,171.9915254237288,983400.0,121.56200063087329,2.1396766320927396,21.562000630873282,18.086860912589334
NPGCPL,10.0,5.017,0.0,50.17,0.0,-5.017,-5.017,0.0,0.0,660.0,0.0,0.0,-100.0,0.0
NPL,1565.0,25.10087539936102,26.271968051118208,39282.869999999995,41115.63,1.1710926517571887,1.1710926517571882,155.20766773162939,98.40255591054313,1948100.0,104.66554505818951,2.1105502797597655,4.665545058189491,11.08626198083067
NSPCL,1485.0,9.746080808080809,9.385501683501683,14472.93,13937.47,-0.36057912457912455,-0.3605791245791246,38.888888888888886,16.161616161616163,679750.0,96.30026539201116,2.0503817579992645,-3.699734607988852,7.830508474576272
NTECL,1740.0,22.88897701149425,19.962218390804598,39826.82,34734.26,-2.926758620689655,-2.9267701149425287,350.86206896551727,228.44827586206895,1999500.0,87.2132397213737,1.7371472868217057,-12.786760278626307,23.39080459770115
NTPC Ltd.,9198.0,146.4363774733638,155.72981843879106,1346921.8,1432402.87,9.293440965427267,9.293440965427267,2216.220607740813,1540.711960208741,70367141.14,106.34640184753117,2.035613280281121,6.346401847531167,22.46210663276402
NTPGPL,10.0,0.7220000000000001,0.0,7.220000000000001,0.0,-0.7220000000000001,-0.7220000000000001,0.0,0.0,0.0,0.0,,-100.0,
NTPL,1774.0,16.79304396843292,14.078754227733935,29790.859999999997,24975.71,-2.714289740698985,-2.714289740698985,184.04735062006765,146.8432919954904,1447500.0,83.83682109210679,1.725437651122625,-16.163178907893222,18.404735062006765
NUPPL,5.0,2.8259999999999996,0.0,14.129999999999999,0.0,-2.8259999999999996,-2.8259999999999996,0.0,0.0,0.0,0.0,,-100.0,
ONGC,1490.0,12.397805369127516,12.468563758389262,18472.73,18578.16,0.07075838926174509,0.07076510067114093,76.31738255033558,30.478187919463092,968921.1000000002,100.57073318345475,1.9174068972179463,0.5707331834547481,10.503355704697986
PENNA,295.0,0.8725084745762709,0.8600338983050848,257.38999999999993,253.71,-0.012474576271186399,-0.012406779661016942,8.850169491525422,5.864406779661017,12965.2,98.57026302498157,1.9568537315274734,-1.4297369750184243,16.76168464304057
PGPL,5.0,0.8240000000000001,0.0,4.12,0.0,-0.8240000000000001,-0.8240000000000001,310.4,0.0,388.0,0.0,0.0,-100.0,80.0
PPGCL (Jaypee),1805.0,25.13231024930748,27.047994459833795,45363.82,48821.63,1.9156842105263157,1.9156731301939058,491.8005540166205,421.9612188365651,2686200.0,107.6223959975152,1.8174979524979522,7.622395997515195,24.838411819021236
PPNPGCL,18.0,0.2061111111111111,2.187777777777778,3.71,39.38,1.9816666666666665,1.9816666666666665,110.16666666666667,0.0,3966.0,1061.455525606469,0.9929399899142713,961.4555256064691,33.33333333333333
PVUNL,7.0,2.857142857142857,0.0,20.0,0.0,-2.857142857142857,-2.857142857142857,455.0,455.0,-1820.0,0.0,,-100.0,233.33333333333334
RATTANINDIA,1343.0,14.43823529411765,19.732561429635147,19390.550000000003,26500.83,5.2943261355174975,5.2943261355174975,849.2032762472078,806.5822784810126,1231470.0,136.66878969394884,2.151967161197593,36.668789693948845,48.08195788275469
REGL,611.0,6.517954173486089,11.896252045826513,3982.4700000000003,7268.61,5.3782978723404264,5.378297872340425,39.27986906710311,36.33387888707038,342600.0,182.51512252446344,2.121602451838879,82.51512252446345,6.546644844517186
RELIANCE,2.0,0.0,0.0,0.0,0.0,0.0,0.0,24.0,0.0,48.0,,0.0,,50.0
RGPPL,1360.0,11.051404411764706,11.025639705882353,15029.91,14994.87,-0.025764705882352926,-0.02577205882352942,1351.1378088235294,1.4095588235294119,869549.32,99.76686487144633,1.7244415762408971,-0.23313512855365773,67.87889744937596
RIL (DAHANU),577.0,10.554263431542461,9.491421143847488,6089.81,5476.55,-1.0628422876949744,-1.0628076256499133,41.161178509532064,18.630849220103986,264750.0,89.92973508204689,2.068574126534467,-10.070264917953107,8.232235701906413
RKMPPL,1370.0,10.656992700729926,12.4745401459854,14600.08,17090.12,1.8175474452554745,1.8175328467153284,754.948905109489,673.2262773722628,842400.0,117.05497504123264,2.0287416904083573,17.054975041232645,55.11221945137157
RPSCL,1668.0,18.58042565947242,18.546516786570745,30992.149999999998,30935.590000000004,-0.03390887290167849,-0.0339268585131894,158.9928057553957,100.35971223021583,1736400.0,99.81750217393761,1.7815935268371343,-0.1824978260623869,13.249400479616307
RWPL (JSW),1387.0,18.974931506849316,18.48526315789474,26318.23,25639.06,-0.4896683489545783,-0.48966113914924303,187.6568132660418,187.6568132660418,1237680.0,97.419393325463,2.0715419171352853,-2.580606674536997,17.375630857966833
SAMALPATI,1.0,0.0,0.0,0.0,0.0,0.0,0.0,0.0,0.0,105.7,,0.0,,0.0
SCPL,811.0,1.8359926017262638,1.7073612823674478,1488.99,1384.67,-0.12863131935881628,-0.12860665844636254,22.81134401972873,17.87916152897657,62600.0,92.9939086226234,2.2119329073482428,-7.006091377376607,22.81134401972873
SEIL,1641.0,47.09653260207191,44.65984765386959,77285.41,73286.81,-2.4366849482023163,-2.436684948202316,256.599634369287,152.43144424131626,3586440.0,94.82619035080488,2.0434416859058007,-5.173809649195114,10.507246376811594
SEL,376.0,2.2799734042553195,6.800505319148937,857.2700000000001,2556.9900000000002,4.520531914893617,4.520452127659575,631.9148936170212,627.1276595744681,192600.0,298.27125643029615,1.3276168224299068,198.27125643029618,55.23012552301255
SEPCPPL,123.0,5.519349593495935,7.0166666666666675,678.88,863.0500000000001,1.4973170731707315,1.4973170731707315,119.51219512195122,115.2439024390244,48825.0,127.12850577421636,1.7676395289298517,27.128505774216364,23.140495867768596
SEPL,810.0,1.1872222222222222,1.2741234567901234,961.65,1032.04,0.08690123456790122,0.08690123456790123,63.735802469135805,26.85185185185185,50585.0,107.31971091353402,2.040209548285065,7.3197109135340295,50.50924068837992
SGPL,404.0,17.40185643564356,26.182722772277227,7030.3499999999985,10577.82,8.780866336633665,8.780742574257426,71.88118811881188,37.57425742574257,504240.0,150.45936546544627,2.097774869109948,50.45936546544627,5.445544554455446
SJVNL,1728.0,22.819531249999997,23.39328703703704,39432.149999999994,40423.600000000006,0.5737557870370368,0.5737499999999999,579.6725231481482,44.87625,2302296.4400000004,102.51431889967961,1.7557947490028696,2.5143188996796058,30.31728345666615
SKPPPL,790.0,1.0153544303797466,1.3442278481012655,802.1299999999999,1061.9399999999998,0.3288734177215189,0.32891139240506334,0.0,0.0,75840.0,132.3900115941306,1.4002373417721516,32.39001159413063,0.0
SKS,911.0,4.92072447859495,5.895115257958287,4482.78,5370.45,0.9743907793633371,0.9744346871569703,263.1174533479693,177.82656421514818,290400.0,119.80177479153562,1.8493285123966943,19.80177479153561,45.217883418222975
SMHPCL,1.0,0.0,0.0,0.0,0.0,0.0,0.0,0.0,0.0,0.0,,,,
SPGL,686.0,2.2353644314868806,2.4632215743440233,1533.46,1689.77,0.22785714285714287,0.22790087463556852,61.55830903790088,6.282798833819242,100459.0,110.19328838052509,1.6820493932848228,10.193288380525082,29.59534088360619
SPL,1742.0,85.12218140068886,88.77407003444317,148282.84,154644.43,3.651888633754306,3.6519058553386916,319.3915040183697,224.2939150401837,6341940.0,104.29017275363756,2.4384404456680446,4.290172753637573,8.065442020665902
SPPL,3.0,0.0,0.45333333333333337,0.0,1.36,0.45333333333333337,0.45333333333333337,100.0,50.0,150.0,,0.9066666666666667,,66.66666666666666
ST-CMSECP,969.0,3.4480082559339524,4.397069143446853,3341.12,4260.76,0.9490608875128997,0.9490608875128999,26.31578947368421,24.50980392156863,216750.0,127.5249018293267,1.9657485582468281,27.524901829326705,10.526315789473683
STPL,5.0,8.362,0.736,41.81,3.68,-7.6259999999999994,-7.6259999999999994,2106.0,1836.0,270.0,8.80172207605836,1.3629629629629632,-91.19827792394165,97.5
SVPPL,74.0,0.09689189189189189,0.7848648648648648,7.17,58.08,0.6879729729729729,0.6879729729729729,21.283783783783782,20.43243243243243,3087.0,810.0418410041842,1.8814382896015547,710.0418410041841,33.78378378378378
SrEPL,519.0,2.054104046242774,3.619826589595376,1066.08,1878.69,1.5657225433526012,1.5657418111753372,0.8670520231213873,0.0,116325.0,176.22411076091853,1.6150354609929078,76.22411076091852,0.3853564547206166
TATA MAH.,1761.0,3.8921181147075528,4.523316297558205,6854.02,7965.5599999999995,0.631198182850653,0.63122089721749,38.07950028392958,21.92106757524134,720109.0,116.21734398207182,1.106160317396394,16.217343982071817,8.518903866650913
TATA PCL,2827.0,11.208627520339583,11.341322957198443,31686.79,32061.92,0.13269543685886095,0.13269543685886095,177.91298195967457,142.78386982667138,1750290.0,101.1838687352048,1.8318061578367013,1.1838687352047885,22.321535559747034
THDC,1734.0,11.390501730103805,11.898241061130333,19751.129999999997,20631.55,0.5077393310265282,0.5077393310265281,51.29757785467128,0.7497116493656286,2338650.0,104.45756774422527,0.8821991319778504,4.457567744225277,3.664112703905092
TOR. POW. (SUGEN),1635.0,14.978464831804281,14.646825688073394,24489.79,23947.559999999998,-0.3316391437308869,-0.3316330275229358,207.97706422018348,163.9954128440367,1536120.0,97.78589363159095,1.5589641434262946,-2.214106368409052,18.1243628950051
TOR. POW. (UNOSUGEN),1712.0,9.393522196261682,10.022091121495327,16081.71,17157.82,0.6285689252336449,0.6285981308411214,1441.1714369158879,154.83440420560748,900998.5,106.69151477050637,1.904311716390205,6.691514770506374,73.25051866172805
TPCIL,158.0,22.464810126582282,24.58892405063291,3549.4400000000005,3885.05,2.124113924050632,2.124113924050633,175.44303797468353,100.25316455696202,180840.0,109.45529435629282,2.1483355452333557,9.455294356292814,13.291139240506327
TPDDL,1.0,0.0,0.0,0.0,0.0,0.0,0.0,108.0,0.0,0.0,,,,100.0
TRNE,1302.0,8.869331797235024,7.684485407066052,11547.87,10005.2,-1.184846390168971,-1.1848310291858681,211.29032258064515,208.06451612903226,506100.0,86.64108619165266,1.9769215570045449,-13.358913808347339,35.215053763440864
TSPL,1777.0,30.475728756330895,27.543821046707933,54155.37,48945.369999999995,-2.9319077096229607,-2.93190770962296,423.4102419808666,316.44344400675294,2766060.0,90.37953207595109,1.7694977693903962,-9.620467924048912,21.384355655599325
UPCL,1035.0,16.16487922705314,14.271661835748793,16730.65,14771.17,-1.8932173913043482,-1.8932173913043477,424.92753623188406,421.4492753623188,802200.0,88.28808205299853,1.841332585390177,-11.711917947001469,35.41062801932367
VASAVI,2.0,0.0,0.0,0.0,0.0,0.0,0.0,0.0,0.0,200.0,,0.0,,0.0
VEDANTA,278.0,4.936654676258994,8.71136690647482,1372.39,2421.76,3.774712230215828,3.774712230215828,30.215827338129497,30.215827338129497,158400.0,176.46295877993865,1.528888888888889,76.46295877993865,5.0359712230215825
VEMAGIRI,5.0,0.656,0.0,3.2800000000000002,0.0,-0.656,-0.656,74.0,0.0,1480.0,0.0,0.0,-100.0,20.0
VESPL,2.0,0.0,0.0,0.0,0.0,0.0,0.0,35.0,17.5,0.0,,,,100.0
VIP,363.0,9.864848484848485,8.173388429752064,3580.94,2966.9399999999996,-1.6914600550964187,-1.6915426997245178,183.47107438016528,157.02479338842974,151200.0,82.85366412171105,1.9622619047619045,-17.146335878288955,30.57851239669421
VVL,2.0,0.0,0.0,0.0,0.0,0.0,0.0,135.0,67.5,0.0,,,,100.0
WPCL,1715.0,27.154839650145774,29.657842565597665,46570.55,50863.2,2.5030029154518947,2.503008746355685,730.7930029154519,695.0204081632653,2681790.0,109.21752051457412,1.8966138288232859,9.217520514574112,31.849508271708473
